{
    "alcohol": {
        "methanol": {"ncgf": 50, "etot": -115.04849386439946, "wtime": 3.003016, "psi4": -115.0484938647155},
        "ethanol": {"ncgf": 75, "etot": -154.0914947576369, "wtime": 13.171072, "psi4": -154.0914947579871}, 
        "1-propanol": {"ncgf": 100, "etot": -193.129445582016, "wtime": 35.912599, "psi4": -193.129445582703}, 
        "1-butanol": {"ncgf": 125, "etot": -232.16601644639772, "wtime": 96.356437, "psi4": -232.16601644666727}, 
        "1-pentanol": {"ncgf": 150, "etot": -271.20016353666483, "wtime": 195.171800, "psi4": -271.2001635366079}, 
        "1-hexanol": {"ncgf": 175, "etot": -310.237078990828, "wtime": 353.214047, "psi4": -310.23707899103636}
    }, 

    "alkane": {
        "methane": {"ncgf": 35, "etot": -40.19877339240676, "wtime": 0.945244, "psi4": -40.19877339245261}, 
        "ethane": {"ncgf": 60, "etot": -79.23479256894251, "wtime": 5.400898, "psi4": -79.23479256885061}, 
        "propane": {"ncgf": 85, "etot": -118.2724308724259, "wtime": 18.332309, "psi4": -118.27243087236614}, 
        "butane": {"ncgf": 110, "etot": -157.30830785458218, "wtime": 5.672531, "psi4": -157.30830785480723}, 
        "pentane": {"ncgf": 135, "etot": -196.3455505191544, "wtime": 124.540576, "psi4": -196.34555051865283}, 
        "hexane": {"ncgf": 160, "etot": -235.38282198769343, "wtime": 252.264091, "psi4": -235.38282198726435}
    }, 

    "alkene": {
        "ethene": {"ncgf": 50, "etot": -78.03995475978675, "wtime": 3.192671, "psi4": -78.0399547600822}, 
        "1-propene": {"ncgf": 75, "etot": -117.08215077878221, "wtime": 11.814476, "psi4": -117.08215077860626}, 
        "1-butene": {"ncgf": 100, "etot": -156.1192086234019, "wtime": 39.080278, "psi4": -156.11920862286092}, 
        "1-pentene": {"ncgf": 125, "etot": -195.15615362568553, "wtime": 92.765139, "psi4": -195.15615362498772}, 
        "1-hexene": {"ncgf": 150, "etot": -234.19238316826042, "wtime": 187.272921, "psi4": -234.19238316727916}
    }, 

    "amine": {
        "methylamine": {"ncgf": 55, "etot": -95.22095598954658, "wtime": 4.016299, "psi4": -95.2209559896818}, 
        "ethylamine": {"ncgf": 80, "etot": -134.26136155717774, "wtime": 16.972886, "psi4": -134.26136155727295}, 
        "1-propylamine": {"ncgf": 105, "etot": -173.29886320089872, "wtime": 48.243879, "psi4": -173.29886320110955}, 
        "1-butylamine": {"ncgf": 130, "etot": -212.33548695732898, "wtime": 110.805998, "psi4": -212.33548695804245}, 
        "1-pentylamine": {"ncgf": 155, "etot": -251.37166955182659, "wtime": 219.964510, "psi4": -251.3716695520705}, 
        "1-hexylamine": {"ncgf": 180, "etot": -290.40886914924437, "wtime": 389.221060, "psi4": -290.4088691488224}
    }, 

    "cycloalkane": {
        "cyclopropane": {"ncgf": 75, "etot": -117.06756572691819, "wtime": 12.852455, "psi4": -117.0675657270026}, 
        "cyclobutane": {"ncgf": 100, "etot": -156.1040644220544, "wtime": 38.549930, "psi4": -156.10406442211035}, 
        "cyclopentane": {"ncgf": 125, "etot": -195.17561642644725, "wtime": 91.709966, "psi4": -195.17561642630668}, 
        "cyclohexane": {"ncgf": 150, "etot": -234.22425753682012, "wtime": 192.254076, "psi4": -234.2242575369539}
    }, 

    "others": {
        "water": {"ncgf": 25, "etot": -76.02633718019376, "wtime": 0.438969, "psi4": -76.02633718050936}, 
        "ammonia": {"ncgf": 30, "etot": -56.19551904262796, "wtime": 0.632635, "psi4": -56.19551904300404}, 
        "pyrrole": {"ncgf": 100, "etot": -208.8287766401076, "wtime": 40.915752, "psi4": -208.82877664069215}, 
        "pyridine": {"ncgf": 115, "etot": -246.7145968962972, "wtime": 72.489318, "psi4": -246.71459689637734}, 
        "oxirane": {"ncgf": 65, "etot": -152.8746525489045, "wtime": 7.919546, "psi4": -152.87465254973432}, 
        "hydrogen_peroxide": {"ncgf": 40, "etot": -150.78293843467773, "wtime": 1.643334, "psi4": -150.7829384340157}, 
        "furan": {"ncgf": 95, "etot": -228.64218949085364, "wtime": 35.161369, "psi4": -228.64218949203578}, 
        "carbon_monoxide": {"ncgf": 30, "etot": -112.62045370935036, "wtime": 0.761816, "psi4": -112.62045371289821}, 
        "carbon_dioxide": {"ncgf": 45, "etot": -187.46051792741537, "wtime": 2.485237, "psi4": -187.4605179332107}
    }
}